Company_Name,Location,Company_Id,Area ,Industry ,Country
Topdrive,59 Sage Road,TMB38,Gateway Street,Health Care,Brazil
Twitterbridge,580 Bultman Terrace,fpD22,Gateway Street,Consumer Services,China
Thoughtstorm,91631 Hudson Parkway,opS52,Douglass Park,n/a,China
Linkbuzz,7 Garrison Circle,SvW80,Hi Tech City,Consumer Services,Brazil
Yozio,984 Tony Parkway,6eL76,LaSalle Street,Consumer Non-Durables,China
Photospace,520 Bonner Avenue,vvW93,Financial District,Health Care,China
Feedfish,04426 Bartelt Drive,sjB67,Miami's Brickell,n/a,China
Plambee,81 Buell Drive,sVX39,Miami's Brickell,Basic Industries,China
Plajo,38 Vahlen Road,PtA50,Pinnacle Point,Public Utilities,Russia
Flashdog,15496 Messerschmidt Parkway,qrU42,LaSalle Street,Health Care,China
Oodoo,770 Erie Plaza,ZkW53,Douglass Park,Finance,United States
Jazzy,5 Emmet Place,UhD10,Financial District,Technology,France
Dynazzy,8025 Nevada Hill,mOK23,LaSalle Street,n/a,Sweden
Feedbug,75595 Crowley Alley,DjM87,Connaught Place,Basic Industries,France
Oyoyo,8 Blackbird Trail,DCA60,Gateway Street,Energy,Brazil
Wikibox,1 Kingsford Avenue,ZIE34,Financial District,Health Care,China
Geba,200 Pankratz Parkway,H5P63,Gateway Street,Technology,France
Flashspan,2124 Cottonwood Drive,uMV47,Wall Street,Consumer Durables,China
Kamba,63 Crescent Oaks Avenue,1fK60,Miami's Brickell,Consumer Durables,China
Aimbu,2 Caliangt Plaza,nyM94,Pinnacle Point,Consumer Durables,China
Meejo,3052 Golf Center,JfY59,Connaught Place,Miscellaneous,China
Aimbu,1078 Emmet Pass,TCM98,White Field,Energy,China
Yombu,46760 Westend Hill,hJA91,Hi Tech City,Consumer Non-Durables,China
Jaxworks,87 Farwell Crossing,87D43,Gateway Street,Finance,China
Jabberstorm,4 Holy Cross Trail,KdO40,Wall Street,Finance,China
DabZ,65969 Mayfield Way,KTJ36,White Field,Technology,France
Riffpath,24323 Mandrake Trail,S5L54,Douglass Park,n/a,Sweden
Babbleset,02996 Sachtjen Circle,fnT87,Hi Tech City,Finance,France
Twitterworks,2837 Jackson Avenue,B8H59,White Field,n/a,China
Trupe,7256 Londonderry Alley,jHI26,White Field,Consumer Services,France
Kayveo,87 Luster Road,3UW95,Wall Street,Miscellaneous,Russia
Youspan,44 Sunnyside Terrace,xYH90,Miami's Brickell,n/a,China
Babbleblab,9230 Namekagon Circle,KtV82,Miami's Brickell,Finance,China
Abatz,9144 Elmside Pass,RQS12,Gateway Street,Consumer Non-Durables,China
Twinder,6660 Upham Street,nrR35,Pinnacle Point,Health Care,Russia
Cogilith,05 American Road,9KD51,Miami's Brickell,Consumer Services,Germany
Realcube,382 Pankratz Park,CxQ44,Gateway Street,Consumer Services,China
Avamm,3720 Anzinger Park,90M80,Douglass Park,Public Utilities,China
Voonte,20 Southridge Center,J1V36,Pinnacle Point,Finance,France
Yodel,4 Killdeer Hill,NZT27,LaSalle Street,Technology,Sweden
Thoughtmix,239 Lunder Circle,jLO18,LaSalle Street,Basic Industries,China
Tagcat,15 Carpenter Circle,v3J31,Wall Street,Health Care,China
Voomm,09104 Holmberg Parkway,WlB03,Pinnacle Point,Consumer Services,China
Bluezoom,0 Pennsylvania Park,xhF16,Gateway Street,Health Care,China
Oyoba,662 Burning Wood Lane,H4U97,White Field,Finance,Sweden
Tagpad,706 Randy Circle,TCH12,Miami's Brickell,Consumer Non-Durables,Brazil
Kazio,1201 Pepper Wood Parkway,PMB31,Hi Tech City,Consumer Durables,China
Oyoba,2 Butterfield Junction,D2A81,Financial District,Consumer Services,China
Yodoo,3251 Armistice Junction,JyF59,Miami's Brickell,Public Utilities,China
Twimbo,8 Mandrake Avenue,JbU90,Gateway Street,Health Care,Russia
Leenti,6 Roxbury Plaza,U4Q92,Pinnacle Point,Consumer Non-Durables,China
Jabberbean,1 Sutteridge Court,O6O06,Hi Tech City,Health Care,China
Skajo,36255 Carey Trail,4iO58,Financial District,n/a,China
Quaxo,525 Loomis Drive,3WL26,Hi Tech City,Consumer Non-Durables,Sweden
Eare,8276 Mayfield Parkway,3zJ03,Wall Street,Finance,Brazil
Jabberstorm,7450 Mariners Cove Circle,tSU13,Pinnacle Point,n/a,Sweden
Quimba,014 Morningstar Pass,zhX42,White Field,Capital Goods,United States
Zoombox,614 Pond Terrace,GEK36,Hi Tech City,n/a,China
Chatterbridge,2 Caliangt Plaza,yZI88,LaSalle Street,Health Care,Russia
Jetwire,1642 Sachtjen Point,cPC32,Wall Street,Health Care,China
Quimm,3 Brown Alley,oGT06,Douglass Park,Finance,Sweden
Kwilith,1 Tomscot Center,dmP14,Hi Tech City,Basic Industries,China
Buzzbean,68934 Jackson Lane,ppX00,Douglass Park,Public Utilities,China
Oyoba,08 Lillian Hill,QhU37,Gateway Street,Transportation,China
Pixonyx,309 Old Gate Crossing,SBR01,Hi Tech City,Health Care,Russia
Avavee,1862 Stoughton Center,riP90,LaSalle Street,Public Utilities,Russia
Centidel,78 Delaware Street,QxE89,Hi Tech City,Health Care,Russia
Skynoodle,3420 Hazelcrest Crossing,AiH20,LaSalle Street,Finance,China
Realcube,4 Talisman Park,FEU43,Pinnacle Point,Public Utilities,France
Skynoodle,7581 Reinke Trail,hXN34,Miami's Brickell,Basic Industries,China
Avaveo,12971 Ridgeway Court,50T78,Pinnacle Point,Finance,China
Dabshots,6 David Center,2wK06,White Field,Public Utilities,China
Youspan,63701 Vernon Road,e4C85,Wall Street,Finance,China
Voonix,799 Reinke Junction,vTO43,Financial District,Finance,Brazil
Flipstorm,779 Melvin Circle,KNO10,White Field,Finance,Brazil
Babbleblab,966 Lien Parkway,DNB29,Wall Street,Public Utilities,Russia
Tagopia,2 Golf Course Crossing,NLJ14,Connaught Place,Technology,Sweden
Leenti,3747 Elmside Court,HlK88,Financial District,Consumer Services,United States
Kwimbee,1 Myrtle Point,d4L53,Miami's Brickell,Basic Industries,United States
Dabshots,90 Crownhardt Place,cdB13,Pinnacle Point,Finance,China
Jetwire,54 Manufacturers Court,nlB09,Wall Street,Energy,China
Devify,1 Golden Leaf Hill,wVD88,Wall Street,Finance,United States
Buzzster,9 Moland Hill,EpM42,White Field,n/a,China
Zoovu,197 Pine View Street,2rL74,Wall Street,Basic Industries,China
Tagpad,5251 Ruskin Drive,ujT14,Miami's Brickell,n/a,China
Fivebridge,50788 Kipling Parkway,SDK21,White Field,n/a,China
Skalith,36743 Fairview Avenue,K1D05,Financial District,Health Care,France
Cogidoo,36 David Point,4eQ92,Connaught Place,Finance,China
Zava,8 Duke Trail,1lF61,Hi Tech City,Energy,United States
Thoughtblab,34404 Basil Pass,vDY39,Miami's Brickell,Technology,China
Skinix,834 Grayhawk Terrace,zUW53,Miami's Brickell,Finance,China
Skipfire,9 Sachs Hill,RAU80,Financial District,Energy,United States
Yambee,2 Heffernan Point,swH67,Miami's Brickell,Technology,Australia
Avavee,90506 Brown Avenue,puD73,Connaught Place,Transportation,Russia
Skipstorm,40368 Homewood Crossing,rcO57,Douglass Park,Finance,Brazil
Browsezoom,6130 Morning Drive,YbA87,Gateway Street,Finance,Brazil
Oloo,22 Golf View Avenue,e5Y34,White Field,Health Care,China
Flashpoint,7625 Hintze Park,XJJ94,Gateway Street,Consumer Durables,China
Ainyx,37887 Mariners Cove Park,S3Y12,Gateway Street,Consumer Non-Durables,France
Feedspan,6530 Sundown Parkway,2dZ24,Pinnacle Point,Public Utilities,China
Fivespan,39 Loeprich Avenue,7GY90,Pinnacle Point,Finance,Russia
Skipstorm,88493 Lighthouse Bay Junction,eIZ21,White Field,Technology,United States
Livepath,9 Algoma Court,ZgX94,Miami's Brickell,Basic Industries,China
Yakidoo,7 Menomonie Plaza,FsF52,Financial District,Health Care,China
Flipstorm,8 Doe Crossing Court,BkG77,Miami's Brickell,Energy,China
Voomm,770 Dennis Parkway,uKJ53,White Field,Finance,Sweden
Zoombeat,46 Old Gate Point,CuR56,Miami's Brickell,Technology,Brazil
Topicstorm,70 Nancy Pass,w7J86,White Field,n/a,Russia
Yambee,07917 Kingsford Lane,LaX31,LaSalle Street,Capital Goods,Brazil
Zoomlounge,961 Pawling Junction,mOY19,Hi Tech City,Consumer Services,China
Zoomzone,43497 Riverside Street,flY54,Gateway Street,Energy,China
Zoonoodle,811 6th Way,dNU67,White Field,Capital Goods,Russia
Realfire,8 Waywood Crossing,bKQ81,Hi Tech City,Consumer Services,Russia
Thoughtbeat,9 Manley Alley,0dM09,Financial District,Consumer Services,Brazil
Skinix,55296 Vernon Drive,eZT30,Connaught Place,Capital Goods,China
Jabbertype,74722 Ryan Crossing,5qM85,Hi Tech City,Consumer Services,United States
Tambee,36363 Packers Center,mmZ56,Hi Tech City,n/a,China
Agimba,892 Garrison Street,TjP54,Hi Tech City,Capital Goods,Brazil
Jatri,13641 Warner Way,aoQ52,Gateway Street,n/a,France
Flashpoint,98055 Melvin Drive,OdP88,Hi Tech City,Consumer Services,China
Twitterlist,5 Crescent Oaks Terrace,OhF55,Pinnacle Point,Health Care,China
Twiyo,39 Crowley Road,d4P34,Gateway Street,Technology,United Kingdom
Gabspot,301 Anzinger Junction,JOJ11,Pinnacle Point,Health Care,China
Centizu,0 Daystar Plaza,nAO13,Gateway Street,Public Utilities,Brazil
Tagchat,25929 Stuart Crossing,3BO78,Miami's Brickell,Finance,Russia
Thoughtbeat,48 Vahlen Park,gzX54,Miami's Brickell,Consumer Services,United States
Photobug,47 Maryland Circle,T2C96,Wall Street,Technology,Brazil
Realmix,31 Bellgrove Court,NDD29,Connaught Place,Transportation,United States
Devify,90171 Porter Lane,tHA91,Connaught Place,n/a,China
Fatz,166 Westport Alley,rjO67,Financial District,Finance,China
Mita,98 Magdeline Lane,FRW07,Wall Street,n/a,Brazil
Gigabox,4183 Cascade Crossing,XpY68,Financial District,Health Care,China
Quinu,9 Macpherson Avenue,aoZ47,Wall Street,Transportation,France
Pixoboo,06944 Crescent Oaks Junction,FKD61,Financial District,Consumer Non-Durables,Sweden
Npath,8280 Hallows Trail,LbU01,Pinnacle Point,Consumer Services,France
Skilith,684 Sage Trail,mJU46,Financial District,Finance,France
Cogilith,200 Hansons Street,TEZ88,Connaught Place,Health Care,Sweden
Rhyzio,3 Stuart Point,5LS80,Pinnacle Point,Consumer Services,Russia
Babbleset,861 Shoshone Trail,x8P98,White Field,n/a,Russia
Divanoodle,61 Hanover Circle,1eS50,Connaught Place,Finance,China
Twitterbeat,26152 Birchwood Circle,fhF87,White Field,Basic Industries,China
Kaymbo,17076 Blaine Way,EMU61,Financial District,Energy,Russia
Tazzy,94547 Eagan Lane,t7G31,Connaught Place,Consumer Non-Durables,China
Yacero,0 Center Trail,9SM67,White Field,Consumer Services,China
Tagcat,14680 Daystar Plaza,TVD09,Financial District,Finance,Russia
Trilith,4054 Marquette Pass,0AD30,Financial District,Energy,China
Ntag,6 Fuller Park,eTP60,Financial District,Consumer Services,Brazil
Pixonyx,2242 Gerald Point,QYU55,Hi Tech City,n/a,United States
Chatterbridge,1670 Mesta Hill,1gN13,Douglass Park,Basic Industries,United States
Jaloo,3084 Daystar Point,E4L50,LaSalle Street,Consumer Services,Russia
Aimbo,0 Kenwood Road,cXN42,White Field,Consumer Services,China
Thoughtbeat,7308 Welch Drive,ayE86,White Field,Basic Industries,Brazil
Zoombeat,95 Pine View Trail,pgS45,Connaught Place,n/a,China
Omba,05707 Corry Crossing,RpK35,Hi Tech City,Health Care,China
Youtags,13 Center Hill,cKG93,Gateway Street,Energy,China
Feednation,9106 Truax Junction,e6U71,Wall Street,Finance,China
Roomm,3885 Lillian Junction,SrV83,Wall Street,Capital Goods,Russia
Wikivu,1 Jenifer Drive,D5J65,Miami's Brickell,n/a,Brazil
Bubbletube,6 Hudson Crossing,gUW38,Connaught Place,n/a,China
Zoomcast,0 Maryland Plaza,ySY38,Miami's Brickell,Consumer Services,China
Yambee,14 Oak Valley Pass,Z9L64,Wall Street,n/a,France
Browsezoom,5749 Heffernan Terrace,A0V40,Wall Street,Basic Industries,China
Babbleblab,90503 Reinke Circle,LaA70,Hi Tech City,Consumer Services,France
Jaxbean,8 Lakewood Point,KYZ59,Hi Tech City,Finance,France
Realpoint,427 Bartillon Way,AjK93,White Field,Technology,China
Rhynyx,553 Summer Ridge Pass,WZY17,Miami's Brickell,Consumer Services,China
Skivee,9667 Lunder Crossing,dsL73,Miami's Brickell,Basic Industries,China
Wordtune,268 Paget Point,fiK18,White Field,n/a,Russia
Skilith,406 Ronald Regan Trail,9bF37,Miami's Brickell,Energy,France
Browseblab,0552 Iowa Place,IqX58,Miami's Brickell,n/a,China
Linkbridge,4699 Coleman Center,I3U14,Douglass Park,Consumer Durables,United States
Twitternation,8 Hanson Center,nPT20,Wall Street,n/a,China
Meeveo,80 Mallard Lane,5OQ32,LaSalle Street,n/a,Russia
Linktype,9771 Old Gate Junction,8kE46,Hi Tech City,Finance,Russia
Yakitri,68 Pawling Terrace,iWB22,White Field,n/a,Russia
Oyondu,476 Laurel Terrace,sHK87,LaSalle Street,Consumer Non-Durables,Brazil
Wikizz,17 Grasskamp Place,31D23,Wall Street,Finance,Germany
Yombu,67 Ohio Crossing,wXX05,Wall Street,n/a,China
Rhynyx,197 Holy Cross Point,VBF86,Hi Tech City,Consumer Services,Russia
Demizz,6 Lakewood Gardens Crossing,4LP40,Pinnacle Point,n/a,Russia
Pixoboo,292 Gale Plaza,hWB64,Gateway Street,Miscellaneous,China
Topdrive,05100 Hoepker Point,k5Y41,Miami's Brickell,n/a,Russia
Skinte,886 Heath Way,9XO30,Wall Street,Consumer Services,China
Yakitri,018 Commercial Junction,ZvC27,White Field,Technology,France
Tagtune,01 Hovde Place,pGR34,Miami's Brickell,Consumer Non-Durables,Russia
Rhynoodle,9044 Hermina Hill,TKN71,LaSalle Street,Capital Goods,China
Layo,37 Continental Trail,qEI16,Pinnacle Point,Basic Industries,United States
Voomm,33 Maywood Pass,hpG50,White Field,Consumer Non-Durables,United States
Plambee,01130 Spohn Street,NVL49,Connaught Place,Consumer Non-Durables,Brazil
Npath,45416 Ohio Terrace,MlE09,Financial District,n/a,China
DabZ,7 Nevada Circle,PfD86,Hi Tech City,Technology,United States
Pixoboo,91157 Springs Point,Z6G24,Wall Street,Consumer Services,France
Gigashots,1128 Cardinal Terrace,ReO55,Miami's Brickell,Health Care,Russia
Devpoint,50 Straubel Crossing,h0Y02,Wall Street,n/a,United States
Thoughtworks,876 Farwell Court,SyX90,Connaught Place,n/a,China
Voonyx,54939 Mendota Place,GiA45,Douglass Park,Energy,Russia
Oyonder,0443 Basil Court,T2U59,Gateway Street,Capital Goods,China
Vitz,5 Charing Cross Point,vHO15,Hi Tech City,Technology,China
Skaboo,6 Continental Park,vTU51,Wall Street,Finance,China
Dynabox,562 Eliot Plaza,lMN51,White Field,Health Care,Russia
Ainyx,52669 Graceland Junction,26U22,Connaught Place,Technology,China
Zava,18369 Straubel Junction,VDH00,Wall Street,Consumer Durables,China
Cogilith,68 Mesta Street,1OT60,White Field,n/a,Russia
Buzzster,519 Westport Parkway,8vG83,Gateway Street,Finance,France
Buzzster,32 Fordem Way,qgO50,LaSalle Street,Miscellaneous,China
Skimia,7534 Scott Road,tdD35,White Field,Consumer Services,China
Quinu,298 Ohio Park,SuJ99,Pinnacle Point,Consumer Services,China
Jabberstorm,69 Iowa Pass,kXN69,LaSalle Street,n/a,China
Ainyx,4003 East Hill,TzW08,Gateway Street,Health Care,Russia
Topicstorm,950 Eastlawn Hill,5UJ88,Pinnacle Point,n/a,China
Lajo,6221 East Trail,4pP83,Wall Street,Technology,Russia
Realcube,446 Meadow Valley Plaza,2NP58,Douglass Park,n/a,Sweden
Divanoodle,78 Kings Point,06G68,Hi Tech City,Miscellaneous,China
Quinu,61 Buell Center,dgO88,Miami's Brickell,Technology,China
Flashpoint,42508 Nelson Trail,UUP29,Wall Street,Energy,China
Voolia,26 Sage Place,j0W41,LaSalle Street,Consumer Durables,Sweden
Devpulse,35883 Colorado Circle,DYJ32,Pinnacle Point,Health Care,China
Bluejam,15 Corben Crossing,rkC35,Hi Tech City,Finance,United States
Dabfeed,82381 Forest Dale Way,DIV84,Connaught Place,n/a,Brazil
Babbleopia,637 International Street,k2X45,Miami's Brickell,Energy,Russia
Blogtag,0 Vernon Lane,NRI11,White Field,Technology,China
Edgeclub,3912 School Terrace,T5K38,Gateway Street,Consumer Durables,China
Skynoodle,801 Brentwood Point,X7I11,Miami's Brickell,n/a,China
Meejo,02562 Heffernan Parkway,qyR26,Connaught Place,Basic Industries,Brazil
Yodel,636 Menomonie Trail,IWK98,LaSalle Street,n/a,China
Zoomcast,58 Hudson Park,vsG75,Connaught Place,n/a,Brazil
Mydo,7 Eastlawn Crossing,UKP43,Pinnacle Point,Capital Goods,China
Photobean,177 Hoard Court,2yT10,White Field,Health Care,China
Gabcube,988 Dorton Street,mnU78,LaSalle Street,Technology,France
Skyndu,661 8th Terrace,TlT67,White Field,Consumer Services,China
Browsedrive,798 Bunting Court,07B62,Pinnacle Point,Health Care,Brazil
Riffpedia,9 Dryden Plaza,ykO30,Douglass Park,n/a,China
Skinix,1306 Mandrake Terrace,Y5T24,Financial District,n/a,China
Thoughtblab,7977 Lukken Road,JAW79,Hi Tech City,n/a,Brazil
Eare,810 Sullivan Drive,hXG84,White Field,Technology,China
Kwinu,3 Old Shore Junction,R9S89,Miami's Brickell,n/a,United States
Quamba,4582 Canary Crossing,edZ46,Hi Tech City,Consumer Non-Durables,Brazil
Babblestorm,586 Cottonwood Lane,csI59,Gateway Street,Technology,China
Jabbertype,20 Clarendon Park,BrH88,Connaught Place,Technology,China
Browsedrive,22032 Village Green Place,3nP68,Miami's Brickell,Capital Goods,France
Dazzlesphere,2 Havey Road,nDR69,White Field,Basic Industries,Brazil
Twinder,734 Texas Avenue,0fD14,Gateway Street,Technology,Russia
Topicstorm,984 Holmberg Terrace,48S94,Douglass Park,n/a,Sweden
Skibox,4007 Michigan Park,ezQ86,Wall Street,Health Care,United States
Mita,29 Mendota Road,O0K53,Financial District,Basic Industries,Sweden
Flipbug,8955 Red Cloud Center,5zS96,Financial District,Miscellaneous,Sweden
Brainsphere,18977 New Castle Point,XVO55,Connaught Place,Technology,Brazil
Trudoo,2736 Hoard Way,fVR53,White Field,Energy,China
Oozz,823 Amoth Avenue,nlD47,Douglass Park,Public Utilities,Brazil
Jaxworks,073 Nancy Street,s5N50,Douglass Park,Capital Goods,China
Myworks,80 Sachtjen Plaza,HyG92,Financial District,Capital Goods,Sweden
Mymm,83611 Atwood Court,YwE54,Connaught Place,Capital Goods,China
Skippad,1 Lakewood Gardens Pass,PqM71,LaSalle Street,Consumer Non-Durables,France
Muxo,795 Eagle Crest Parkway,f8Z36,Miami's Brickell,n/a,China
Kamba,08 Sheridan Place,ENR94,Connaught Place,n/a,China
Avaveo,86 Vernon Place,JKJ94,Hi Tech City,Consumer Services,China
Zoonoodle,204 Valley Edge Way,DfV44,Hi Tech City,Consumer Services,Brazil
Kwimbee,7320 Forest Run Circle,y9A90,Connaught Place,Finance,Sweden
Topiclounge,558 Charing Cross Alley,9RM48,Pinnacle Point,Capital Goods,China
Tavu,37441 Springs Drive,inP47,Gateway Street,Finance,China
Tekfly,98 Menomonie Avenue,rRI08,Miami's Brickell,Basic Industries,China
Eidel,12911 Mesta Parkway,yHV55,Douglass Park,Health Care,United States
Yamia,54 Stang Circle,ONA03,Gateway Street,Technology,France
Skibox,06686 Dakota Place,EXF09,Financial District,Consumer Services,China
Jazzy,34 Swallow Pass,SSJ06,Connaught Place,Finance,China
Quimm,3498 2nd Trail,J8X64,Hi Tech City,n/a,France
Zoozzy,2 Kensington Road,yiB56,Miami's Brickell,Technology,China
Flipbug,178 Thompson Avenue,b8C02,White Field,Consumer Non-Durables,China
Cogidoo,6805 Coolidge Pass,mnK45,Wall Street,Finance,Brazil
Gabcube,63292 Arrowood Junction,m6D65,Financial District,Finance,Australia
Pixonyx,3 Clove Avenue,l9I94,Douglass Park,Basic Industries,Russia
Thoughtworks,2173 Mifflin Pass,4nC10,White Field,Technology,China
Kanoodle,4860 Fuller Avenue,hZW20,Wall Street,Consumer Durables,China
Skippad,329 Hudson Lane,4SZ57,Financial District,Finance,China
Tagopia,10 Gina Terrace,zfJ31,Miami's Brickell,n/a,China
Feedfish,38867 Leroy Place,xfY67,White Field,Energy,Russia
Myworks,11993 Karstens Trail,CEE22,Gateway Street,n/a,United States
Eabox,99 Annamark Terrace,zBY31,LaSalle Street,Finance,France
Aivee,7 Larry Center,FIY46,Douglass Park,Consumer Services,China
Realfire,29964 Buena Vista Hill,F6W99,Douglass Park,Finance,China
Babblestorm,72 Myrtle Pass,EUL47,LaSalle Street,n/a,Sweden
Yabox,5901 Norway Maple Crossing,MRE36,LaSalle Street,n/a,China
Kazu,918 Reinke Parkway,MYC53,Hi Tech City,Health Care,Russia
Buzzdog,54 Moland Junction,SSN10,White Field,n/a,Russia
Photobug,998 Summit Trail,LUC69,Pinnacle Point,Finance,Russia
Eabox,85082 2nd Park,7cS66,Wall Street,Consumer Non-Durables,Brazil
Zooveo,3 Prairieview Pass,xLZ87,Douglass Park,Basic Industries,France
Linkbridge,065 Upham Parkway,nyC43,Miami's Brickell,Consumer Services,Russia
Quatz,08202 Waywood Alley,7jW51,White Field,n/a,Sweden
Zazio,3 Talisman Court,xqN56,Hi Tech City,Miscellaneous,China
Leexo,44645 Tennessee Center,wCK69,LaSalle Street,n/a,China
Skimia,049 Holmberg Way,iHM58,Hi Tech City,Consumer Services,China
Jetpulse,025 Mayfield Point,JlO39,Gateway Street,Health Care,Sweden
Ntag,2 Meadow Valley Court,NoM54,Douglass Park,Consumer Services,Russia
Mynte,905 Buhler Road,CLT36,Miami's Brickell,Health Care,China
Wikivu,17986 Northridge Crossing,rdY04,White Field,n/a,China
Devpoint,1 Dryden Parkway,rzW75,Financial District,n/a,France
Jamia,583 Bellgrove Road,HTV49,White Field,Health Care,China
Meejo,4100 Colorado Way,TKM47,LaSalle Street,Public Utilities,Russia
Yodo,65 Valley Edge Street,Z4H84,Financial District,Health Care,China
Dablist,6 Vernon Trail,QzK59,LaSalle Street,n/a,France
Jayo,95 Bay Junction,pjG50,Financial District,Health Care,China
Fanoodle,221 Bonner Center,vKA28,Financial District,Health Care,China
Viva,222 Mcguire Court,hoU80,Pinnacle Point,Public Utilities,China
LiveZ,7 Armistice Place,UwX12,Douglass Park,Public Utilities,Brazil
Voomm,458 Moose Crossing,J6Z71,Douglass Park,Basic Industries,China
Edgewire,42 Starling Road,soI71,Connaught Place,Basic Industries,China
Meetz,40645 Nova Parkway,9dT27,White Field,Capital Goods,China
Zoozzy,61 International Drive,hLQ39,Pinnacle Point,Capital Goods,Russia
Skippad,37 Everett Court,PpV98,Pinnacle Point,Finance,China
Brainverse,04201 Spenser Avenue,CMP23,Hi Tech City,Consumer Services,China
Thoughtmix,7 Coleman Pass,E0K15,White Field,Technology,Sweden
Nlounge,758 East Hill,ACT47,Gateway Street,Finance,China
Wikivu,6 Gale Road,5JM02,Financial District,Energy,Russia
Skajo,6 Golden Leaf Place,1GY14,Connaught Place,Basic Industries,Brazil
Skippad,4806 Hansons Hill,VNT71,Wall Street,Technology,France
Babbleset,8 Boyd Circle,NXG90,Wall Street,n/a,China
Blognation,0239 Center Place,bEY73,Douglass Park,n/a,France
Jetwire,865 Michigan Point,J6E25,Pinnacle Point,Technology,China
Livetube,075 Dottie Alley,OXN07,Connaught Place,Miscellaneous,Brazil
Skyndu,06 Mcguire Point,2BR05,Pinnacle Point,Health Care,United States
Realbridge,97 Sunnyside Street,QAQ60,Gateway Street,Energy,Sweden
Dablist,221 Meadow Vale Drive,0ZN73,LaSalle Street,Consumer Non-Durables,China
Npath,9957 Columbus Plaza,obD88,White Field,n/a,France
Lazzy,12 Valley Edge Alley,QxT62,Financial District,n/a,United States
Nlounge,63 Sycamore Alley,IBE46,Pinnacle Point,n/a,China
Skynoodle,95357 Cherokee Trail,XQN56,Gateway Street,Transportation,China
Midel,319 Magdeline Lane,HRR29,Financial District,n/a,China
Roomm,953 Mitchell Parkway,Z7G60,Douglass Park,Basic Industries,United States
Mita,11 Burrows Junction,g0S17,LaSalle Street,Consumer Services,China
Browsebug,7362 South Hill,SdH77,LaSalle Street,n/a,China
Abatz,46 Mockingbird Court,h0U89,Connaught Place,Energy,Russia
Rhynyx,3837 Hoard Parkway,wIK96,Wall Street,Technology,Russia
Wordpedia,1058 Riverside Center,4QB16,Pinnacle Point,Consumer Services,Russia
Jaloo,12481 Bunting Parkway,0AQ32,Douglass Park,Health Care,Sweden
Gigazoom,3388 Bunting Way,IAL07,Connaught Place,Finance,China
Yodoo,23 Acker Pass,6WN69,Miami's Brickell,Consumer Services,China
Cogilith,846 Carpenter Point,YRN21,Hi Tech City,Technology,China
Skimia,67 Sachtjen Street,AXF99,Gateway Street,n/a,China
Yodo,24995 East Pass,A2T61,Pinnacle Point,Public Utilities,China
Mita,66768 Logan Drive,KdQ65,Wall Street,n/a,France
Zoonder,07 Russell Avenue,h0I37,Wall Street,n/a,China
Jabberstorm,8378 Pankratz Court,MIG77,Miami's Brickell,Consumer Durables,China
Wikizz,69 Autumn Leaf Crossing,uAS22,Wall Street,Finance,Russia
Buzzster,81 Hazelcrest Way,hOZ40,White Field,Consumer Services,China
Youtags,3 Twin Pines Lane,acQ01,Miami's Brickell,n/a,Brazil
Buzzdog,8329 Summer Ridge Parkway,SfZ16,Miami's Brickell,Health Care,Brazil
Zoomzone,1 Moulton Way,PJK38,Financial District,Finance,Russia
Edgeclub,744 Cardinal Street,GQW49,Wall Street,Health Care,China
Jatri,83258 Eastwood Way,RfF96,Hi Tech City,Health Care,Brazil
Jaxbean,02140 Lakewood Lane,KGQ38,Financial District,Finance,China
Linkbridge,1324 Stang Way,bDN90,Wall Street,Finance,United Kingdom
Thoughtstorm,3797 Washington Terrace,HML21,Connaught Place,n/a,Russia
Quire,3 Bashford Parkway,nxC60,White Field,Health Care,China
Brainbox,924 Banding Circle,v3S45,Gateway Street,Technology,China
Skipstorm,83 Pierstorff Street,FQL30,Douglass Park,Capital Goods,China
Bubblebox,551 Green Trail,R6E48,Connaught Place,Finance,China
Roomm,86 Superior Pass,olW20,Connaught Place,Consumer Services,Russia
Edgeclub,44799 Fremont Parkway,yDM95,Douglass Park,n/a,France
Yadel,2 Sutherland Circle,NfO88,Wall Street,Consumer Services,China
Riffpedia,266 Longview Terrace,stK91,Miami's Brickell,Finance,France
Bluejam,88660 Schlimgen Point,TkN27,Hi Tech City,Finance,United States
Feedmix,91 Waubesa Street,PND25,White Field,Energy,United States
Yabox,6421 Declaration Plaza,nJD80,Hi Tech City,n/a,China
Voomm,475 2nd Avenue,sCZ03,LaSalle Street,Consumer Services,France
Quinu,90794 Heffernan Street,04U10,Wall Street,n/a,United Kingdom
Katz,9819 Chinook Court,xXL76,LaSalle Street,Health Care,China
Abata,225 Hauk Plaza,haW07,Pinnacle Point,Consumer Services,Australia
Flipbug,16960 Ohio Park,ChG52,White Field,Consumer Non-Durables,China
Meejo,47735 Grim Junction,vdU18,Pinnacle Point,Consumer Durables,France
Skippad,64 Gale Lane,KFO81,Hi Tech City,Miscellaneous,China
Ntags,500 Ridgeview Lane,17G18,Pinnacle Point,n/a,Russia
Realcube,0 Fordem Center,DeA14,Gateway Street,Public Utilities,China
Vipe,37 Kensington Way,hkT95,Miami's Brickell,Health Care,France
Oba,78 Di Loreto Drive,dpE12,Miami's Brickell,Basic Industries,China
Blognation,41 Esch Avenue,TqU64,LaSalle Street,n/a,Russia
Skinder,08009 Buell Court,Z0U03,Douglass Park,Technology,France
Skilith,4 Morningstar Place,Y1M04,Gateway Street,Consumer Services,China
Eazzy,90 Becker Point,3cU48,Miami's Brickell,n/a,United States
Photobean,8527 5th Junction,c2M77,Miami's Brickell,n/a,France
Voonyx,135 Katie Street,fDB37,Financial District,n/a,China
Blognation,9498 Karstens Hill,Z6W78,Douglass Park,n/a,Russia
Ooba,607 Manufacturers Park,iTJ31,Financial District,Health Care,Sweden
Quatz,4761 American Crossing,rbV34,Connaught Place,Capital Goods,China
Twiyo,0 Brentwood Park,WwF45,White Field,Health Care,China
Vipe,2354 Maywood Trail,UMF48,Wall Street,Health Care,Brazil
Wordware,65 Mesta Place,rMV85,Hi Tech City,n/a,France
Jetpulse,246 Fremont Drive,JfX89,Gateway Street,Consumer Durables,China
Jayo,29548 Westridge Terrace,D4S32,Hi Tech City,Basic Industries,Brazil
Nlounge,00 Starling Court,4fZ15,White Field,Health Care,France
Oozz,910 Swallow Terrace,fOS33,Miami's Brickell,Consumer Services,Russia
Shufflester,6740 Eastwood Street,cuV66,Financial District,n/a,Brazil
Thoughtblab,5 Graceland Terrace,VNJ42,Pinnacle Point,Consumer Services,United States
Quimba,97348 Ryan Plaza,PrR87,White Field,Consumer Services,China
Tagchat,40753 Fisk Drive,4xF20,White Field,n/a,Russia
Blogpad,7 Surrey Court,LOI18,Financial District,n/a,China
Einti,00359 Hudson Drive,I7F49,White Field,Finance,China
Fatz,08 Hintze Park,AiI93,Connaught Place,n/a,China
Twitterlist,41 Pennsylvania Terrace,YuG99,Miami's Brickell,Health Care,China
Oyoba,27 Moulton Avenue,ouV17,Wall Street,n/a,China
Mynte,5674 Shasta Trail,EpP47,Wall Street,n/a,Sweden
Skipfire,677 Amoth Crossing,fRS56,Douglass Park,Capital Goods,France
Thoughtstorm,60 Morningstar Pass,XJA13,Douglass Park,n/a,China
Kazio,600 Eliot Point,S5N08,Financial District,Finance,China
Talane,19908 Ridgeway Center,z9D54,Wall Street,Energy,China
Oozz,9 Veith Way,QVN18,Pinnacle Point,Consumer Services,Russia
Jaloo,17157 Jenifer Court,xGB36,Douglass Park,Technology,China
Abata,67 Oakridge Plaza,nQZ44,Connaught Place,Basic Industries,China
Rhynoodle,16065 Dunning Point,OBS97,Miami's Brickell,Health Care,China
Rhyzio,86 Trailsway Point,O4F57,Connaught Place,Capital Goods,China
Skiptube,7738 Warner Hill,8hO49,Pinnacle Point,Finance,China
Brainsphere,2 Porter Trail,QyQ90,Miami's Brickell,Finance,Russia
Skyba,71 Chinook Plaza,8wN55,LaSalle Street,n/a,Sweden
Twitterworks,9699 Boyd Way,GoG54,Miami's Brickell,Finance,Brazil
Camido,8 Delladonna Plaza,ePI18,White Field,Consumer Services,China
Jabbertype,9227 Heffernan Parkway,VMX39,Gateway Street,Consumer Services,Sweden
Kwinu,51765 Packers Crossing,QCY27,Wall Street,Consumer Durables,Russia
Skiptube,0098 Westerfield Plaza,oAE15,Connaught Place,n/a,Russia
Rhyloo,40 Luster Junction,dtH65,White Field,n/a,China
Gigabox,803 Johnson Court,M2X89,Wall Street,Finance,Sweden
Fanoodle,3145 Claremont Avenue,BRP28,Douglass Park,Consumer Non-Durables,China
Yabox,999 Luster Park,LvU82,Miami's Brickell,Consumer Non-Durables,Brazil
Meejo,082 Pawling Lane,cwX44,Hi Tech City,Public Utilities,China
Cogilith,73824 Mcguire Parkway,NwR47,White Field,n/a,China
Agivu,0 Bowman Hill,nVJ09,Pinnacle Point,Health Care,Sweden
Mynte,32 Bultman Plaza,OOO00,Douglass Park,n/a,Russia
Mydo,84642 Huxley Alley,aHI97,Hi Tech City,Energy,Russia
Jayo,728 Sutherland Alley,lrQ53,Wall Street,n/a,Brazil
Pixoboo,2441 Cody Alley,8CD41,Douglass Park,Capital Goods,Sweden
Tekfly,10 Jackson Lane,iAR60,Pinnacle Point,n/a,Russia
Riffwire,68208 Manufacturers Court,SbD01,Financial District,n/a,United States
Topicshots,81629 Rockefeller Drive,0CH38,Pinnacle Point,n/a,China
Podcat,54848 Arrowood Street,TpW41,Financial District,n/a,China
Npath,0850 Moose Court,OiL00,Financial District,n/a,China
Dabfeed,48 Talmadge Junction,bjG73,Wall Street,Finance,China
Fanoodle,6 Ridge Oak Drive,JrY70,Connaught Place,Miscellaneous,China
Eazzy,19 Magdeline Avenue,wsD75,White Field,Health Care,China
Dynazzy,0 Walton Street,U6Z37,Financial District,n/a,China
Bubblemix,993 Kingsford Pass,MmE05,Financial District,n/a,China
Linkbridge,284 Valley Edge Crossing,6uX70,Gateway Street,n/a,Russia
Eazzy,3 Buena Vista Park,MFI87,Gateway Street,Finance,Sweden
Divanoodle,7769 Anniversary Terrace,acF03,LaSalle Street,Capital Goods,China
Babbleset,6 Raven Trail,hDA87,Wall Street,Capital Goods,China
Pixoboo,228 Hoffman Place,UEM83,Douglass Park,Miscellaneous,Brazil
Devbug,4196 Corscot Hill,caL19,Pinnacle Point,n/a,Brazil
Buzzbean,682 Huxley Junction,xHO95,Gateway Street,Consumer Durables,Russia
Mudo,29 Thierer Point,faH40,Miami's Brickell,Finance,Russia
Realbuzz,24147 Holmberg Road,8SG72,Miami's Brickell,n/a,United States
Fanoodle,2920 Schiller Avenue,IjC23,White Field,Finance,China
Janyx,73 International Center,IiW21,Financial District,Consumer Services,Sweden
Mynte,64682 Arrowood Alley,9GQ97,LaSalle Street,n/a,Brazil
Edgepulse,683 Hansons Plaza,SUX98,Pinnacle Point,Consumer Durables,United States
Zoombox,05 Scofield Parkway,7rA99,Connaught Place,Finance,Russia
BlogXS,73 Oak Point,9ZF08,Douglass Park,n/a,China
Eimbee,19603 Village Green Trail,ahV83,Pinnacle Point,Consumer Durables,France
Devpulse,48 Kropf Street,BXF69,White Field,Technology,China
Jabberbean,224 Golf Plaza,imH63,Pinnacle Point,Consumer Services,China
Zoombeat,58 Schmedeman Avenue,DiI24,Miami's Brickell,Energy,China
Yadel,60083 Stuart Alley,ihR08,Gateway Street,Health Care,China
Abatz,863 Columbus Terrace,XQI71,Douglass Park,Health Care,France
Shuffledrive,91 Dahle Pass,dQE62,Connaught Place,Basic Industries,Russia
Jetwire,546 Morning Terrace,ECR44,Hi Tech City,Consumer Services,China
Vinte,01758 Browning Road,hvW06,LaSalle Street,Health Care,Sweden
Gigazoom,01169 Sundown Trail,s1K93,LaSalle Street,Technology,China
Voolith,20218 Londonderry Park,bRR95,Pinnacle Point,Technology,Russia
Fivechat,3 Anderson Street,uvV33,LaSalle Street,Health Care,China
Photobug,608 North Pass,eGK11,Gateway Street,Health Care,Brazil
Jabbertype,68 Glendale Plaza,6BS35,Miami's Brickell,Finance,China
Eare,36151 Glacier Hill Pass,U8F03,White Field,Consumer Services,China
Flashset,2506 Center Hill,iIO68,Financial District,n/a,China
Ooba,74104 Waxwing Point,U4D86,Gateway Street,Technology,China
Dazzlesphere,71625 Fairview Avenue,p4I94,White Field,n/a,China
Eadel,1 Elka Parkway,QbC78,Douglass Park,Finance,China
Thoughtstorm,33 La Follette Parkway,KiE93,Connaught Place,Consumer Services,Russia
Jaxspan,54 Green Ridge Parkway,h1I25,Pinnacle Point,n/a,China
Youopia,27 Columbus Trail,chT83,White Field,Public Utilities,France
Eadel,84683 Hoard Pass,MnE32,Miami's Brickell,Capital Goods,China
Dazzlesphere,11 Hazelcrest Park,JeE13,Gateway Street,n/a,France
Vitz,467 Browning Trail,HtI54,Miami's Brickell,Consumer Durables,China
Linkbridge,23684 Meadow Ridge Park,h7C81,Douglass Park,n/a,France
Oyope,939 Artisan Point,aRO88,White Field,n/a,Brazil
Wikizz,522 Surrey Parkway,wfR85,Pinnacle Point,n/a,China
Topicstorm,3 Melody Parkway,WOI35,Douglass Park,Consumer Durables,Russia
Wikido,3267 Lotheville Hill,QgO10,Miami's Brickell,Transportation,Brazil
Linkbuzz,43 Esker Plaza,f3O06,White Field,Capital Goods,China
Dabtype,6 Merrick Trail,86C97,Douglass Park,Consumer Services,China
Teklist,2345 Lakewood Lane,09K69,Douglass Park,Health Care,Russia
Kaymbo,3 Grim Pass,dqM40,Douglass Park,Finance,China
Twinder,0912 Jay Road,3PL38,Douglass Park,Transportation,Sweden
Camimbo,4411 Meadow Valley Hill,5VM07,Hi Tech City,n/a,China
Livetube,5807 Towne Avenue,H8W61,LaSalle Street,n/a,China
Vinder,4 Goodland Terrace,HnU87,LaSalle Street,Consumer Services,China
Gabvine,814 Bobwhite Point,GML69,Miami's Brickell,Technology,Sweden
Aimbu,4 Monterey Lane,P7A45,LaSalle Street,Energy,China
Tazzy,5375 Linden Way,NbR38,Miami's Brickell,Energy,China
Quimba,66876 Northport Court,WhC76,Gateway Street,n/a,China
Eimbee,0533 Golden Leaf Pass,vsY57,Gateway Street,Basic Industries,Sweden
Skyble,9347 5th Avenue,zRI08,Miami's Brickell,Health Care,China
Demizz,1 Melvin Drive,nNG65,Hi Tech City,Basic Industries,China
Quinu,8 Morrow Crossing,ciA63,Douglass Park,Consumer Services,China
Dazzlesphere,67232 Forest Run Drive,nND69,Douglass Park,Consumer Services,Brazil
Avamm,9 Fremont Court,HxE86,Douglass Park,Health Care,Brazil
Oozz,2340 Pearson Way,4sY32,Hi Tech City,Consumer Services,China
Dabfeed,24601 Cardinal Lane,97F96,White Field,Public Utilities,China
Demimbu,12369 Ridge Oak Point,9bM53,Miami's Brickell,n/a,France
Jaxnation,14 Clove Circle,WXP93,Financial District,Capital Goods,Sweden
Mymm,84164 Corry Center,TrA81,Wall Street,Consumer Services,France
Wordtune,23 Iowa Street,mUN70,Financial District,Consumer Services,Brazil
Thoughtsphere,37762 Bunting Center,wiD05,Douglass Park,Finance,Russia
Thoughtstorm,882 Huxley Circle,Q4Z88,White Field,n/a,Russia
Janyx,14739 Di Loreto Lane,PMD71,Douglass Park,n/a,Russia
Quatz,29008 Haas Point,sAJ16,White Field,n/a,China
Aimbu,33565 Holy Cross Drive,d6R96,Miami's Brickell,Health Care,Russia
Mita,3 Ridge Oak Terrace,b8J44,Pinnacle Point,Finance,France
Ainyx,45947 Porter Pass,pLU53,Douglass Park,Capital Goods,China
Katz,2600 Sage Drive,QVK79,Hi Tech City,Health Care,China
Flipstorm,5 Golf Course Way,2UT50,Connaught Place,Consumer Durables,China
Flashset,9429 Iowa Road,43N60,Financial District,n/a,Russia
Twimbo,9435 Claremont Way,rMZ47,Hi Tech City,Finance,China
Zoonder,66833 Prairieview Plaza,FFW71,Connaught Place,Technology,China
Skimia,143 Sunfield Terrace,BvM48,Financial District,Energy,United States
Realcube,9 Tennessee Road,WMX17,Connaught Place,Consumer Services,Sweden
Camido,6 Debs Road,WyN66,Douglass Park,Finance,China
Kamba,84901 Memorial Circle,HVJ14,Gateway Street,n/a,Brazil
Linklinks,8 Shoshone Circle,E6K11,Miami's Brickell,Consumer Durables,China
Divanoodle,87765 Trailsway Terrace,6mG59,Wall Street,Energy,Sweden
Realcube,5219 Moulton Street,HUC27,Financial District,Technology,China
Twitterlist,2983 School Avenue,RaK96,White Field,n/a,China
Jaxspan,7 Amoth Parkway,4SA56,Hi Tech City,Consumer Non-Durables,China
Blogtag,7234 Gina Terrace,Q6K30,White Field,Basic Industries,France
Twitternation,8 Mandrake Alley,wvE19,Connaught Place,Technology,China
Wordpedia,68 Gina Junction,PgL25,White Field,Health Care,China
Jamia,29 Golf View Center,kRR07,Douglass Park,n/a,Brazil
Linklinks,10185 Messerschmidt Plaza,6SE16,White Field,Technology,China
Dynabox,5 Stephen Point,NWY97,Pinnacle Point,Consumer Services,Brazil
Jaxworks,202 Coolidge Park,LBW44,Pinnacle Point,Public Utilities,Brazil
Avavee,875 Hazelcrest Terrace,9rF72,Pinnacle Point,n/a,Russia
Meevee,790 Hazelcrest Way,kxN45,Pinnacle Point,Technology,China
Jaxworks,4 Carey Avenue,k9W36,Gateway Street,Finance,China
Zoomdog,10705 Hanson Terrace,UkQ48,Gateway Street,Health Care,China
Linklinks,52 Bay Parkway,6yF73,Gateway Street,n/a,China
Gigazoom,814 Dovetail Alley,PeO16,Connaught Place,Public Utilities,Brazil
Realcube,3 Vera Park,jtO20,Douglass Park,Consumer Services,China
Jabbersphere,63 Kim Road,blP58,Pinnacle Point,Finance,France
Wordware,2 Transport Pass,FKJ26,Miami's Brickell,Consumer Services,France
Topicware,52 Ilene Drive,cTG18,Wall Street,Finance,China
Edgetag,2280 Walton Drive,SiE85,Connaught Place,Technology,China
Wikizz,3930 Logan Road,OxS65,LaSalle Street,Energy,Brazil
Tagopia,8 Carpenter Road,iJG21,Miami's Brickell,Public Utilities,China
Meezzy,9 Meadow Vale Lane,QvC46,Hi Tech City,Basic Industries,United States
Demizz,81717 Delladonna Junction,5WZ95,Miami's Brickell,Consumer Non-Durables,China
Photospace,89 Prairieview Alley,phE75,Financial District,n/a,Russia
Fatz,82662 Veith Junction,KoF58,Hi Tech City,Health Care,China
Flashspan,8914 Dennis Crossing,78Q20,Pinnacle Point,Health Care,France
Dabfeed,2 Northwestern Road,NuL99,Hi Tech City,Energy,China
Geba,3 Autumn Leaf Circle,dDN29,Wall Street,Finance,China
Mycat,4310 Claremont Junction,5qJ70,Gateway Street,Finance,China
Innotype,36204 Luster Trail,FSX78,White Field,Health Care,China
Quire,0332 Kinsman Road,XoO53,Douglass Park,n/a,Russia
Innojam,022 Namekagon Point,RZJ53,LaSalle Street,Energy,Russia
Edgeblab,1981 Lunder Place,txA32,Douglass Park,Health Care,China
Oyonder,22 Shoshone Street,tCU02,White Field,Consumer Services,Russia
Yodoo,37 Walton Plaza,iFZ74,Douglass Park,Finance,Sweden
Buzzster,917 Sundown Parkway,dYS83,Douglass Park,n/a,United States
Yacero,27887 American Lane,OKR51,Miami's Brickell,Public Utilities,Brazil
Demizz,24 Bartelt Trail,1iG92,Gateway Street,Technology,Sweden
Divavu,41 Kennedy Road,lsT27,Hi Tech City,Consumer Non-Durables,Brazil
Blogpad,8609 Coleman Drive,EVV14,Miami's Brickell,Miscellaneous,China
Blogpad,46501 Swallow Street,EVL90,Pinnacle Point,Health Care,Russia
Miboo,9425 Beilfuss Place,2DK58,Gateway Street,Consumer Non-Durables,China
Jabbersphere,1 Schurz Circle,0DX57,Pinnacle Point,Finance,China
Dynabox,5 Elmside Alley,yDL10,Pinnacle Point,Technology,France
Avavee,2 Anderson Trail,2tI71,White Field,n/a,Sweden
Camido,33962 Riverside Park,e1B89,Hi Tech City,Finance,China
Edgepulse,8264 Heffernan Circle,WpI69,LaSalle Street,Energy,France
Oyoyo,1 Hanson Terrace,2SD26,Gateway Street,Energy,France
Zoomzone,917 Mallard Street,zjI91,Hi Tech City,Energy,Sweden
Youtags,652 Sachs Pass,VzJ55,Pinnacle Point,n/a,China
Linklinks,76 Green Ridge Pass,wmO02,Financial District,Miscellaneous,Sweden
Jamia,80 Larry Place,pQS47,Financial District,n/a,Russia
Camido,17639 Hoard Road,TnM13,Miami's Brickell,Consumer Services,China
Pixonyx,126 Daystar Park,rEO40,Wall Street,Technology,Russia
Gabcube,2 Birchwood Trail,o1W43,Douglass Park,n/a,United States
Oyoyo,5763 Fulton Place,BoE86,Douglass Park,Finance,United States
Realfire,980 Maple Wood Junction,vhS12,Douglass Park,Consumer Services,China
Flashdog,86756 Charing Cross Avenue,R2S51,Connaught Place,n/a,China
BlogXS,47 Buena Vista Terrace,DmG38,LaSalle Street,n/a,Brazil
Youopia,87 Sommers Terrace,k9S73,Pinnacle Point,Health Care,China
Yakidoo,442 Nelson Hill,IBZ77,Douglass Park,n/a,China
Voonyx,27 Spohn Terrace,EkT26,Douglass Park,n/a,Brazil
Buzzshare,6 Eliot Center,TkF33,Miami's Brickell,Transportation,Russia
Skilith,200 Summer Ridge Place,lVT35,Financial District,Finance,France
Yadel,672 Milwaukee Circle,JZA47,Hi Tech City,Public Utilities,Russia
Livetube,19 Comanche Plaza,NoT71,Hi Tech City,Basic Industries,Russia
Oozz,2 Almo Avenue,UaG50,Pinnacle Point,Consumer Services,Sweden
Kayveo,43 Summer Ridge Way,bRH52,White Field,n/a,France
Skipfire,588 Fordem Place,zkU41,Miami's Brickell,Health Care,France
Quinu,40 Miller Park,DWQ28,Financial District,Finance,France
Jabbersphere,22 Sutherland Junction,OfW15,Douglass Park,Basic Industries,Sweden
Pixope,3804 Arkansas Place,oTF57,Hi Tech City,Capital Goods,China
Trilia,9 Oak Valley Pass,kLT10,Connaught Place,Health Care,China
Twitterwire,2 Anderson Street,vbE80,Hi Tech City,Finance,China
Wikido,9 Oriole Crossing,dcW46,Pinnacle Point,Finance,China
Twitternation,61 Myrtle Center,1WA75,Hi Tech City,n/a,Sweden
Skajo,386 Judy Court,25M60,Pinnacle Point,Capital Goods,China
Myworks,7883 Spaight Terrace,evH31,LaSalle Street,n/a,Russia
Eadel,831 Homewood Road,YmK95,Wall Street,Consumer Services,China
Yombu,8 Melrose Drive,6mW51,Wall Street,Consumer Services,United Kingdom
Devpulse,52252 Northridge Avenue,TIG85,Connaught Place,Consumer Services,China
Browsetype,11 Lotheville Circle,YzE87,Financial District,Health Care,China
Tambee,39536 Twin Pines Avenue,jNL46,Hi Tech City,Health Care,China
Mymm,8 Eagle Crest Drive,AdS55,White Field,n/a,France
Omba,84795 Lakeland Trail,YdO47,LaSalle Street,Technology,United States
Pixoboo,97 Meadow Ridge Alley,77V51,Wall Street,Consumer Services,China
Twitterbridge,6663 Rutledge Point,ZZW04,Miami's Brickell,Health Care,France
Rhyloo,739 Di Loreto Circle,mSI10,Financial District,Technology,Sweden
Trilith,56 Carberry Way,u4M06,White Field,Miscellaneous,China
Linktype,72 Londonderry Place,o6R87,Financial District,Capital Goods,China
Zooxo,092 Morningstar Park,XkM61,Hi Tech City,n/a,Russia
Skaboo,71 Reinke Avenue,LLT63,Gateway Street,Consumer Services,Russia
LiveZ,1100 Duke Road,5SD74,White Field,Technology,China
Edgeclub,35488 Pierstorff Point,IwK35,Gateway Street,Energy,Sweden
Fivechat,5429 Raven Junction,kBN74,Miami's Brickell,Finance,Russia
Gabtune,2 Dahle Circle,j9Y63,Pinnacle Point,Technology,Russia
Leexo,26807 7th Place,CwD82,Financial District,n/a,China
Skimia,8944 Bobwhite Point,XnD27,Financial District,Transportation,China
Podcat,06494 Marcy Crossing,YMN63,Miami's Brickell,n/a,France
Tambee,8 Daystar Drive,8JX52,Douglass Park,Capital Goods,Sweden
Zooxo,2443 Rockefeller Alley,YkU77,Miami's Brickell,Capital Goods,China
Vinte,50 Becker Center,DwJ22,Pinnacle Point,n/a,China
Tavu,47986 Longview Hill,40F50,Gateway Street,Health Care,Russia
Realfire,98248 Nobel Junction,1ZA96,Financial District,n/a,China
Rhynoodle,3 Oak Valley Junction,UsQ09,LaSalle Street,n/a,Russia
Brainsphere,0 Rowland Parkway,o6V81,Gateway Street,Health Care,China
Edgeify,28504 Tony Center,m3A06,Gateway Street,Consumer Services,China
Kare,6498 Melby Terrace,ZPL09,Wall Street,n/a,China
Realblab,6561 Rieder Trail,Y8I11,Connaught Place,Consumer Non-Durables,China
Fivebridge,65871 Orin Junction,4WH92,LaSalle Street,n/a,France
Topicware,408 Nova Plaza,uCI06,Connaught Place,Health Care,Russia
Twimm,6656 Reinke Junction,5zN72,Financial District,Consumer Non-Durables,China
Photojam,6 Shelley Park,Y9Z45,Gateway Street,Finance,China
Browsezoom,2395 Di Loreto Plaza,lsO33,Gateway Street,Finance,United States
Wikizz,6 Clarendon Way,LwH30,Gateway Street,Finance,China
Skajo,54551 Mandrake Pass,PLE52,Financial District,n/a,China
Feedmix,82 Merrick Alley,HOI88,Gateway Street,Health Care,Brazil
Mymm,76 Starling Park,sLL59,Miami's Brickell,n/a,Germany
Quimm,845 Roxbury Pass,vGI04,Wall Street,Finance,China
Lazz,375 Rockefeller Junction,OLS93,Douglass Park,Consumer Services,China
Twitterbeat,7 Dixon Hill,gdN69,LaSalle Street,Technology,United States
Cogidoo,83 Mayer Avenue,aiJ72,LaSalle Street,Public Utilities,France
Aivee,390 Jana Way,gGF61,Miami's Brickell,Public Utilities,China
Edgeclub,58 Pond Drive,EVG67,Connaught Place,Finance,China
Bubblebox,40 Nova Drive,jYA66,White Field,Finance,Russia
Camido,00 Doe Crossing Drive,2zG79,Douglass Park,n/a,France
Eimbee,942 Londonderry Alley,5NC89,Douglass Park,n/a,Russia
Reallinks,2342 Norway Maple Center,cNH65,Financial District,Public Utilities,China
Realcube,200 Moland Pass,ySO78,Gateway Street,n/a,Russia
Chatterbridge,2 Milwaukee Junction,qTV16,White Field,n/a,China
Agivu,2 Declaration Parkway,U2S83,Connaught Place,Public Utilities,China
Dazzlesphere,184 Oriole Street,0aL71,Douglass Park,Health Care,China
Skyndu,1720 Badeau Way,5CN45,Hi Tech City,n/a,China
Jayo,3237 Declaration Park,yAL04,Wall Street,n/a,Russia
Kamba,05 Hanson Pass,rUJ06,Financial District,n/a,China
Quatz,88400 Brentwood Terrace,v1R13,Connaught Place,n/a,China
Quinu,5 Starling Junction,OGD18,Douglass Park,Technology,China
Browseblab,1809 Hudson Avenue,8CJ93,White Field,Basic Industries,China
Quimm,98409 Randy Circle,qWX15,Miami's Brickell,Finance,United States
Tagfeed,4 Sage Lane,KgX05,Douglass Park,Consumer Durables,China
Aimbu,662 Waxwing Center,9WM49,Miami's Brickell,Capital Goods,Russia
Yodel,5 Lukken Place,EnT99,Gateway Street,Basic Industries,China
Rhynoodle,042 Vermont Alley,r9Z65,Connaught Place,n/a,Russia
Skinte,76015 Paget Trail,KZT42,White Field,Finance,China
Edgeify,34 Sugar Trail,A2U21,LaSalle Street,Consumer Services,China
Youfeed,83506 Pine View Drive,VNH56,White Field,Health Care,China
Voolith,1 Summit Park,9WI97,Gateway Street,Consumer Services,Brazil
Cogidoo,60 Johnson Lane,1uC56,Financial District,n/a,China
Edgewire,7 Karstens Pass,klI13,Pinnacle Point,Basic Industries,Russia
Kamba,38702 Kropf Center,3uG90,Hi Tech City,Technology,China
Devbug,51063 Scofield Pass,wgF77,Miami's Brickell,Health Care,France
Quinu,6 Blue Bill Park Avenue,ysD25,Gateway Street,Capital Goods,Russia
Kamba,7 Bunting Pass,bMN50,White Field,Technology,Russia
Topdrive,684 Mayfield Circle,J0V12,Hi Tech City,n/a,United States
Pixope,3 Pearson Pass,aAR96,Pinnacle Point,n/a,Brazil
Tazz,59247 Arapahoe Place,wMO69,White Field,Basic Industries,China
Tazz,94 Valley Edge Place,Y0Q48,Wall Street,Energy,China
Meedoo,4804 Bunker Hill Plaza,JAQ71,Connaught Place,Finance,France
Linkbuzz,0962 Village Road,QiV79,LaSalle Street,Consumer Services,Brazil
Fanoodle,1 Ohio Court,R4O61,Connaught Place,Technology,Sweden
Talane,8 Randy Road,3wA71,Miami's Brickell,Health Care,Russia
Devpulse,45 Colorado Center,rpS23,White Field,n/a,China
Cogibox,6279 Springview Avenue,xLD72,Miami's Brickell,Basic Industries,Brazil
Brainverse,24 Ramsey Place,XfJ07,Connaught Place,n/a,China
Zoovu,787 Waywood Place,F7I24,White Field,Consumer Services,United Arab Emirates
Feedfire,9 Cambridge Junction,vPG90,Miami's Brickell,n/a,Sweden
Lajo,8 Clyde Gallagher Court,nCR66,Douglass Park,Finance,China
Eare,11 Veith Alley,okI56,White Field,Technology,Australia
Skynoodle,73 Dexter Plaza,FAY36,Connaught Place,Consumer Non-Durables,Russia
Snaptags,072 International Parkway,esM54,LaSalle Street,Finance,China
Zoomdog,49334 Wayridge Court,L4Y68,Gateway Street,Consumer Durables,Russia
Layo,30 Northport Park,S4R02,Gateway Street,Technology,China
Fliptune,01 Karstens Road,QCT00,Connaught Place,n/a,France
Trudeo,31428 Paget Point,olC73,Financial District,Finance,France
Eare,9431 Kinsman Circle,5rR90,Connaught Place,n/a,Russia
Topiclounge,2 Vermont Way,TQP40,Pinnacle Point,n/a,Russia
Katz,239 Fremont Avenue,3tS85,LaSalle Street,n/a,France
Tagtune,133 Warrior Center,kaF08,LaSalle Street,n/a,Brazil
Jatri,79909 Meadow Vale Road,k5M51,Gateway Street,n/a,China
Kwilith,19588 Cordelia Way,1pU79,Pinnacle Point,Finance,China
Roombo,911 Hermina Trail,2gW68,White Field,Finance,Russia
Browsecat,077 Dixon Parkway,NXS11,Hi Tech City,Technology,Russia
Meevee,5709 Morningstar Drive,PPY39,LaSalle Street,n/a,China
Kwinu,0164 Sauthoff Drive,zYX09,Wall Street,Consumer Services,China
Topicshots,72232 Westport Terrace,hmP92,White Field,Technology,Russia
Feedfire,2555 Dennis Circle,joU85,Hi Tech City,Finance,China
Podcat,41725 Onsgard Parkway,kqU48,Miami's Brickell,Capital Goods,China
Skalith,9 Bultman Lane,LLT49,Hi Tech City,n/a,China
Divavu,21414 Ridge Oak Circle,QXB10,White Field,Energy,China
Topiczoom,337 Dakota Way,fhW46,White Field,Capital Goods,China
Centimia,01969 Declaration Park,joN13,Miami's Brickell,Finance,Brazil
Pixonyx,38 Ohio Trail,HqO00,Gateway Street,Finance,China
Brainsphere,0413 Almo Center,mgS62,White Field,n/a,China
Oyoloo,5 Roxbury Crossing,2fF08,Hi Tech City,Health Care,Russia
Feedmix,1 Westend Alley,1aF38,Pinnacle Point,Finance,France
Dabshots,1495 8th Parkway,TdT43,Wall Street,Public Utilities,Brazil
Rhyzio,0244 Chive Way,9hZ19,Douglass Park,Finance,Sweden
Demivee,238 Sherman Avenue,2nP88,Pinnacle Point,Public Utilities,Russia
Linkbuzz,5 Eagle Crest Street,KdF72,Pinnacle Point,Consumer Services,France
Shufflester,70377 Tennyson Place,LbA04,Miami's Brickell,Consumer Services,China
Jamia,758 Elmside Lane,9ZF90,Hi Tech City,Health Care,China
Zoomlounge,27 Lien Park,7dX31,Connaught Place,Finance,China
Thoughtbridge,380 Meadow Valley Terrace,iBC67,Miami's Brickell,Finance,Russia
Oyoba,6344 Sachs Trail,qTJ14,Financial District,Consumer Durables,China
Yakijo,73 Fairfield Trail,BSS12,Hi Tech City,n/a,China
Agimba,2661 Dexter Parkway,QpM15,Wall Street,n/a,Brazil
Devbug,9848 Birchwood Lane,DbD41,White Field,Capital Goods,Brazil
Fivebridge,9 Petterle Crossing,1rB19,Pinnacle Point,Basic Industries,China
Riffwire,155 Namekagon Parkway,iWW89,Gateway Street,Consumer Services,China
Mudo,65253 Kensington Park,kpG79,Connaught Place,Miscellaneous,Russia
Mudo,9 Independence Parkway,sHS95,Wall Street,Finance,China
Oyonder,2 Glacier Hill Street,2mU01,Financial District,n/a,China
Dabvine,90 1st Place,pFA42,LaSalle Street,Technology,Sweden
Devshare,83402 Shoshone Hill,MpR84,White Field,n/a,France
Avamm,0574 Blaine Place,uaN76,Financial District,Miscellaneous,Brazil
Eimbee,0 Eagle Crest Parkway,VMR93,Wall Street,Public Utilities,China
Katz,5634 Kipling Center,EBO82,LaSalle Street,Capital Goods,Brazil
Kazu,27449 Monument Avenue,kSZ99,Hi Tech City,Consumer Services,Sweden
Vinder,3580 Mendota Plaza,95H61,Wall Street,Public Utilities,China
Shufflester,99160 Calypso Hill,mLB68,Miami's Brickell,Finance,China
Skalith,7 David Avenue,bAC18,LaSalle Street,Energy,Russia
Thoughtsphere,420 Montana Park,htN13,Douglass Park,Transportation,France
Lazz,073 Bluestem Pass,t6L52,LaSalle Street,Health Care,Russia
Oyoloo,35257 Pleasure Avenue,a2X17,Douglass Park,Basic Industries,China
Yoveo,162 Fairview Place,fvF95,Miami's Brickell,Health Care,China
Blogspan,527 Dapin Alley,ZOK72,White Field,Technology,Russia
Flashdog,388 Pond Lane,QVS83,Gateway Street,n/a,Sweden
Gabtype,73702 5th Plaza,VjV39,Douglass Park,n/a,China
Devcast,40 Fairview Circle,8uI16,Gateway Street,Finance,China
Yabox,3 Eggendart Alley,08A00,Pinnacle Point,Public Utilities,China
Tavu,508 Granby Junction,DEV07,Miami's Brickell,Energy,Brazil
Thoughtbeat,4 Jenifer Pass,hfD16,Wall Street,Finance,China
Twitterlist,30 Old Shore Parkway,uVL17,Wall Street,Finance,Brazil
Podcat,861 Anderson Avenue,jBB60,Hi Tech City,Capital Goods,China
Roombo,5852 Butternut Hill,uxF74,Pinnacle Point,Consumer Services,China
Meejo,0692 Londonderry Avenue,p7A84,Connaught Place,Health Care,China
Tavu,6 Morning Terrace,TzB68,Connaught Place,Health Care,China
Thoughtbeat,5 Burning Wood Pass,kbY40,LaSalle Street,n/a,China
Shuffletag,8878 Rieder Alley,bIR57,Wall Street,Consumer Services,Russia
Kwideo,54 Sunbrook Way,DJB15,White Field,Basic Industries,China
Wikivu,944 Golf View Parkway,IxZ72,Wall Street,n/a,China
Kazu,687 Grayhawk Point,f8W19,LaSalle Street,Capital Goods,France
Zooveo,5110 Prairie Rose Circle,nOA63,Hi Tech City,Health Care,China
Skippad,3 Center Junction,VIR00,LaSalle Street,Finance,Australia
Flipopia,6820 Northwestern Lane,fCR72,White Field,Finance,China
Jabbertype,202 Gulseth Point,PVG79,Miami's Brickell,Technology,China
Livetube,53 East Hill,coW25,Douglass Park,Technology,Brazil
Skiba,09810 Bayside Street,HdF65,White Field,Finance,Switzerland
Skiba,4516 Mesta Pass,74Q28,White Field,Consumer Services,Russia
Buzzbean,4 Emmet Crossing,HhW17,Miami's Brickell,Technology,China
Dazzlesphere,8635 Hanover Avenue,ZcD04,Miami's Brickell,Technology,China
Browsebug,684 Continental Center,z6P01,Financial District,n/a,United States
Demivee,0068 Jay Plaza,h8H88,Hi Tech City,Health Care,Sweden
Oloo,01139 Kings Parkway,9ZX03,Hi Tech City,n/a,Brazil
Jabberbean,50908 Gerald Plaza,OpH88,Miami's Brickell,n/a,China
Thoughtsphere,23119 Sullivan Drive,hLT25,White Field,Consumer Services,United States
Topicstorm,8 Schiller Street,ghH61,Pinnacle Point,n/a,China
Yabox,616 Jana Hill,sBL29,Hi Tech City,Miscellaneous,China
Quatz,98 Northfield Alley,mxW89,Miami's Brickell,Transportation,United States
Meezzy,94 Schiller Street,d7C63,Financial District,n/a,Russia
Teklist,84 Bobwhite Trail,Y1E18,LaSalle Street,Technology,France
Wordify,12878 Cherokee Street,z1T05,Wall Street,n/a,China
Realcube,11418 Jenifer Junction,WCI44,Douglass Park,Health Care,China
Jazzy,4 Banding Place,SeQ32,LaSalle Street,Consumer Durables,Russia
Oba,8584 Hoffman Terrace,PpQ29,Pinnacle Point,Finance,United States
Oyoba,94221 Prentice Place,9GF83,Wall Street,Capital Goods,Sweden
Feedspan,234 Kennedy Pass,hzU81,LaSalle Street,Technology,China
Tavu,07461 Kropf Park,LoQ51,Financial District,Finance,China
Ailane,36550 Parkside Park,3ZY48,White Field,n/a,Sweden
Quatz,67302 Schlimgen Trail,41I98,Miami's Brickell,Technology,United States
Yodoo,416 Hovde Avenue,0SV42,Wall Street,Capital Goods,Sweden
Gevee,440 Holy Cross Center,FKG96,LaSalle Street,Finance,China
Topiczoom,588 Schlimgen Way,MYO97,Pinnacle Point,Consumer Durables,China
Zoozzy,340 Eggendart Place,wiR82,Gateway Street,Health Care,United States
Avamba,3069 Morning Park,aED75,LaSalle Street,Technology,United States
Layo,6530 Butterfield Parkway,OhZ08,Wall Street,Finance,China
Tavu,12 Morning Parkway,r2Q01,Financial District,Consumer Services,China
Blogtag,0534 Sherman Pass,aHV80,Wall Street,n/a,Russia
Tekfly,1972 Graceland Way,mwA99,Miami's Brickell,n/a,China
Flipstorm,8356 Oak Drive,xLN76,LaSalle Street,Public Utilities,China
Zoovu,8740 Bay Drive,AiA30,Financial District,Health Care,China
Rhycero,2 Summerview Center,ePZ59,Miami's Brickell,Capital Goods,China
Babbleopia,550 Aberg Hill,1vZ13,Gateway Street,Public Utilities,Brazil
Meembee,54 Ilene Avenue,hjS01,Connaught Place,n/a,Russia
Tagfeed,1 Calypso Point,qNB52,LaSalle Street,Consumer Non-Durables,China
Meevee,25709 Duke Hill,rHF03,Wall Street,Health Care,China
Ainyx,15463 David Park,YHE62,Connaught Place,Capital Goods,China
Wikizz,3508 Hermina Street,CKJ93,Pinnacle Point,Technology,Brazil
Rhyzio,1325 Northfield Road,0ZM60,Hi Tech City,Finance,Russia
Gigaclub,6 Tennessee Circle,BGZ98,White Field,Technology,China
Abata,2 7th Plaza,gKO67,Gateway Street,Capital Goods,Brazil
Jetwire,0 Moose Trail,h6T06,LaSalle Street,Health Care,China
Trilith,1864 Ludington Parkway,0xY97,Pinnacle Point,Transportation,China
Bubblemix,37114 Sugar Trail,zIW31,White Field,Health Care,China
Skipfire,825 Hollow Ridge Drive,SJR43,LaSalle Street,Technology,Switzerland
Shuffledrive,83039 Coleman Pass,SpG21,Pinnacle Point,n/a,China
Innojam,4800 Maple Drive,1wS36,Miami's Brickell,n/a,China
JumpXS,59049 Johnson Court,dCT11,Financial District,Finance,China
Minyx,973 Service Hill,8PC35,Pinnacle Point,Consumer Services,Russia
Rhybox,1 Schlimgen Crossing,VWG50,Wall Street,Public Utilities,Sweden
Realbuzz,5114 Colorado Avenue,Q5Z35,White Field,Consumer Services,China
Riffpath,883 Harper Drive,yDH76,LaSalle Street,Transportation,Sweden
Quinu,47127 Menomonie Center,BOE24,LaSalle Street,Consumer Durables,China
Gigashots,5 Straubel Hill,vvY52,Wall Street,Finance,China
Bubbletube,7806 Valley Edge Place,ryC77,White Field,Health Care,Sweden
Photojam,2222 Eagle Crest Hill,44A67,Wall Street,Consumer Durables,China
Realbuzz,44859 Glendale Hill,mgM50,Financial District,Public Utilities,China
Quinu,126 Lotheville Point,6vD18,Financial District,Health Care,China
Brainlounge,433 5th Way,18H87,Connaught Place,Finance,United Kingdom
Minyx,1491 Dovetail Pass,ZKZ19,Financial District,Health Care,Russia
Bubbletube,434 Nobel Park,qkT79,Miami's Brickell,Consumer Durables,China
Brainbox,72711 Westend Pass,EEK85,Miami's Brickell,Capital Goods,China
Izio,00 Badeau Street,McD82,Financial District,n/a,France
Skilith,29 Canary Point,UGD49,Wall Street,Finance,China
Photobug,98908 Laurel Lane,7LF09,Gateway Street,Finance,China
Thoughtbridge,804 Petterle Street,b5H78,Financial District,Finance,Russia
Agimba,63 Fairview Terrace,2MX89,Wall Street,n/a,United States
Yamia,72232 Linden Place,IDA09,Hi Tech City,Finance,China
Youfeed,0 School Avenue,FgE25,Pinnacle Point,Technology,China
Shufflebeat,3 Hauk Junction,eKY04,Hi Tech City,Consumer Services,Brazil
Livepath,97488 Eggendart Place,VhL63,Hi Tech City,Capital Goods,China
Rhynoodle,2360 Grasskamp Place,uDC14,Financial District,Energy,China
Ntags,04 West Place,S4L53,White Field,n/a,Brazil
Browsetype,9 Aberg Point,NiD67,LaSalle Street,n/a,Brazil
Twitterworks,1 Carey Crossing,YNG76,LaSalle Street,n/a,Brazil
Topiclounge,697 Canary Way,OII26,Financial District,Finance,China
Quaxo,7 Buhler Center,1XZ09,Wall Street,n/a,China
Zoovu,304 8th Avenue,RfX63,LaSalle Street,n/a,China
Tazzy,161 Eagan Circle,lmI73,Hi Tech City,Technology,Brazil
Quatz,79853 Golden Leaf Alley,OZQ40,Gateway Street,Public Utilities,China
Avamba,464 Old Gate Hill,qQR01,Financial District,Consumer Services,China
Podcat,8908 Ruskin Park,wqZ00,Wall Street,n/a,China
Avavee,29501 Northwestern Lane,1DZ71,Pinnacle Point,Finance,China
Abatz,8665 Mayer Street,6dF12,Financial District,Basic Industries,China
DabZ,124 Maryland Lane,kIZ42,Connaught Place,Finance,United States
Voonte,282 Hintze Crossing,wlM19,Hi Tech City,Finance,Russia
Riffwire,02725 Maryland Court,GlA59,Hi Tech City,Health Care,France
Layo,115 Novick Avenue,DWA02,Hi Tech City,Finance,China
Voonder,21 Division Lane,gSF60,Pinnacle Point,Health Care,China
Oyoyo,57033 Ludington Crossing,1eG51,Connaught Place,n/a,Russia
Topicblab,55021 Burrows Avenue,6qP89,White Field,Consumer Services,Russia
Shufflebeat,364 Starling Street,CpM94,Financial District,n/a,Sweden
Realbuzz,170 Village Green Crossing,VMY60,Financial District,Energy,United States
Babbleset,25767 Bayside Court,vZP27,Connaught Place,n/a,China
Chatterpoint,18974 Utah Parkway,LLD76,Gateway Street,n/a,China
Skinder,010 Rusk Avenue,q0N41,White Field,Technology,United States
Rhyzio,82 Bartelt Plaza,ObO88,LaSalle Street,Energy,France
Twiyo,6213 Buell Park,bAS42,Pinnacle Point,Consumer Non-Durables,China
Skyba,92713 Saint Paul Point,NJM00,White Field,Finance,Russia
Zoonoodle,7 Fordem Drive,mrG67,Hi Tech City,n/a,China
Tagcat,7364 4th Way,lPQ32,LaSalle Street,Health Care,China
Twimbo,2057 Jana Hill,cQI47,Financial District,Energy,United States
Voonyx,31405 Meadow Ridge Park,jqR67,Pinnacle Point,Energy,China
Quire,9 Burning Wood Alley,57N05,LaSalle Street,n/a,United States
Shufflebeat,77 Westridge Way,gQR66,Douglass Park,Finance,United States
Pixope,21826 Crownhardt Drive,ZJU73,Gateway Street,n/a,China
Dablist,205 Schmedeman Terrace,7MG37,Financial District,Health Care,Brazil
Vinder,57 Brentwood Hill,XOT76,Gateway Street,Technology,Brazil
Ooba,8 Cambridge Alley,dZK87,Douglass Park,Basic Industries,China
Oyoloo,5 Luster Court,w0M66,Miami's Brickell,Technology,Russia
Podcat,6239 Gerald Center,idO37,Wall Street,Consumer Services,China
Twitterwire,7751 Johnson Court,knN16,Pinnacle Point,Consumer Non-Durables,China
Skipstorm,5522 Havey Plaza,RiB65,White Field,Health Care,United States
Dynazzy,914 Kinsman Point,dFH08,Gateway Street,n/a,China
Linkbuzz,709 Derek Crossing,hUF51,Wall Street,Consumer Durables,Russia
Thoughtworks,5 Express Road,rYH11,White Field,Basic Industries,Russia
Wordify,96 Little Fleur Crossing,wqH44,Financial District,Consumer Non-Durables,Brazil
Vinte,76 Mifflin Park,84M16,Miami's Brickell,n/a,China
Oyondu,45 Brickson Park Point,WNI37,Hi Tech City,Consumer Services,China
Mybuzz,88165 Menomonie Crossing,CtI34,Connaught Place,Finance,China
Riffpedia,0 Algoma Park,VoJ61,Connaught Place,n/a,United States
Devpulse,301 Dayton Way,INM23,Hi Tech City,n/a,China
Skiptube,89771 Judy Road,CNS48,Douglass Park,n/a,Sweden
Dazzlesphere,3592 Basil Place,mfW05,Pinnacle Point,n/a,China
Realfire,6701 Upham Drive,C7S99,LaSalle Street,Health Care,Sweden
Eayo,6 Park Meadow Court,pKL79,White Field,n/a,Russia
Youbridge,0776 Cascade Junction,FCX65,Pinnacle Point,Consumer Services,Brazil
Chatterpoint,02 Sauthoff Park,IoM77,Wall Street,n/a,Sweden
Voomm,94487 Lyons Crossing,2yM85,Miami's Brickell,n/a,Russia
Photobug,313 Green Street,SOG13,Pinnacle Point,Energy,Sweden
Voonix,9 Manley Alley,WvT38,White Field,n/a,China
Lazz,18 Lyons Plaza,HvC48,LaSalle Street,Transportation,China
Rhynyx,7 Bunting Court,7NM50,Pinnacle Point,n/a,China
Realcube,2 Kennedy Junction,dfM09,White Field,Technology,China
Photojam,57 Randy Hill,T8M25,Gateway Street,Finance,United States
Edgepulse,3 1st Point,skM80,Connaught Place,Miscellaneous,China
Rhynoodle,48133 Crescent Oaks Trail,RbY53,Gateway Street,Consumer Services,China
Jabbertype,60 Commercial Trail,N7C73,Connaught Place,n/a,China
Flashset,081 Kedzie Crossing,2gZ53,Pinnacle Point,n/a,Sweden
Edgepulse,93 Florence Place,1XU07,Pinnacle Point,Health Care,France
Browseblab,0342 Sage Parkway,08Q54,Pinnacle Point,n/a,France
Browsetype,0 Mendota Plaza,bdM36,Financial District,n/a,Brazil
Pixoboo,635 Cody Point,uhL16,Hi Tech City,Health Care,Brazil
Twitterwire,194 Bluejay Parkway,JmP66,Miami's Brickell,Health Care,China
Zoombeat,05082 Scofield Crossing,HJW02,Pinnacle Point,n/a,China
Edgeclub,8 Rieder Park,AvU27,Connaught Place,Energy,Russia
Dynabox,926 Glacier Hill Court,rJT36,Douglass Park,n/a,Russia
Oyoba,9 Parkside Plaza,CXX91,LaSalle Street,Health Care,China
Myworks,70 Laurel Parkway,gZE79,Connaught Place,Public Utilities,Brazil
Meembee,1184 Coleman Alley,7UK63,Financial District,Health Care,China
Linkbuzz,31333 Corben Center,URK59,Connaught Place,n/a,China
Kanoodle,3244 Carey Lane,ZkK09,Gateway Street,Consumer Services,China
Babbleblab,4846 Susan Avenue,d5V89,White Field,Consumer Services,France
Zoozzy,019 Corscot Drive,9fP12,Connaught Place,Consumer Services,China
Yotz,1674 Wayridge Place,rhF84,Connaught Place,Consumer Services,Brazil
Latz,725 Saint Paul Terrace,60E91,Miami's Brickell,Health Care,China
Fanoodle,339 Melody Hill,lrU20,LaSalle Street,Health Care,Sweden
Blogpad,8023 Commercial Crossing,UQF88,Hi Tech City,Transportation,Sweden
Lazz,322 Ridgeview Circle,jfS44,Financial District,Health Care,China
Thoughtmix,2928 Golf Point,cOS51,Hi Tech City,Energy,Russia
Aimbu,273 Logan Crossing,7yS19,Miami's Brickell,Health Care,Russia
Buzzshare,29 Mariners Cove Crossing,4AN42,Hi Tech City,n/a,Sweden
Blogpad,35 Farwell Hill,2sV23,Financial District,Consumer Services,Brazil
Oloo,83292 Bluejay Parkway,64O04,Connaught Place,Technology,Brazil
Yodoo,9 Laurel Road,TZM20,Pinnacle Point,n/a,Brazil
Roodel,7 Haas Place,xBF22,Financial District,Capital Goods,China
Youtags,56 Corry Place,ZFR94,Miami's Brickell,Capital Goods,Brazil
Devify,11922 Swallow Street,eXI98,Connaught Place,Energy,China
Avavee,457 Vidon Avenue,BJU42,Wall Street,Capital Goods,Sweden
BlogXS,2621 Namekagon Hill,zhN45,Wall Street,Health Care,China
Eadel,82034 Judy Circle,U9R42,Gateway Street,n/a,China
Cogidoo,227 Mitchell Trail,pZA31,White Field,Finance,United Kingdom
Dazzlesphere,0 Declaration Crossing,PiN72,Miami's Brickell,Consumer Services,China
Thoughtstorm,8 Aberg Circle,m2S27,Gateway Street,Health Care,China
Rhycero,07 Shelley Center,RwR60,Douglass Park,Consumer Services,Brazil
Digitube,5 Vahlen Lane,OrH70,Pinnacle Point,Transportation,China
Blogtags,97 Brown Road,KuU34,Gateway Street,Consumer Services,China
Aimbu,4556 Lotheville Point,RBD45,Miami's Brickell,Technology,Russia
Pixonyx,52343 Blackbird Street,7yI82,Wall Street,Technology,China
Browsedrive,3 Quincy Trail,6ND26,White Field,Finance,China
Thoughtsphere,50 Utah Avenue,6iS89,Wall Street,Technology,China
Mybuzz,5839 Lillian Alley,b4G02,Wall Street,Capital Goods,China
Shuffledrive,2852 Novick Parkway,B4G12,Connaught Place,n/a,France
Topicblab,108 Merry Junction,BoD11,Financial District,Health Care,Russia
Lazz,70 Fremont Park,MoY72,Miami's Brickell,Technology,Russia
Zazio,92950 Morningstar Plaza,1VW65,White Field,Health Care,Sweden
Jatri,0 Welch Place,h0L99,Connaught Place,Finance,China
Layo,117 Toban Avenue,d6Z11,Connaught Place,Health Care,China
Tagchat,443 Derek Way,NWJ03,Miami's Brickell,Public Utilities,France
Gigazoom,65 Shopko Trail,FnH62,Connaught Place,Capital Goods,China
Eayo,97143 Glacier Hill Terrace,ExI22,Pinnacle Point,Technology,China
Meezzy,36927 Express Lane,u9Z96,Pinnacle Point,Technology,China
Vimbo,39078 Dunning Trail,PzY57,Hi Tech City,Consumer Services,China
Dynava,66050 Sutteridge Crossing,rFP99,Pinnacle Point,Health Care,China
Youbridge,24 7th Court,1ZS02,Connaught Place,Technology,France
Aibox,65 Mockingbird Point,UrX42,Douglass Park,Consumer Services,China
Edgeclub,2376 Mesta Circle,PUQ98,Gateway Street,Public Utilities,China
Vidoo,84 Mallory Plaza,f8J44,LaSalle Street,Consumer Services,China
Leenti,5 Schlimgen Parkway,1hS33,Wall Street,Consumer Services,Russia
Lazzy,38741 Cottonwood Parkway,j8V45,LaSalle Street,Health Care,Russia
Tanoodle,985 New Castle Crossing,NxJ82,Financial District,Consumer Services,China
Blogpad,3227 Evergreen Street,lmH41,Pinnacle Point,Energy,Sweden
Avaveo,64 Porter Circle,p6P95,Connaught Place,Consumer Services,United States
Rhycero,213 Dottie Hill,gjM26,White Field,n/a,China
Meevee,9859 Mesta Hill,S6I72,LaSalle Street,Miscellaneous,China
Realblab,517 Sutherland Way,TLP27,Gateway Street,Finance,China
Myworks,39 Hayes Lane,uxT57,Financial District,Technology,Russia
Abatz,2838 Delladonna Street,1aB94,Hi Tech City,Finance,China
Ntag,54 Pepper Wood Plaza,0cU85,Pinnacle Point,Consumer Services,China
Innojam,5804 Havey Place,jkF80,Miami's Brickell,n/a,United States
Yodo,630 Twin Pines Park,v3N76,Financial District,n/a,Brazil
Yakitri,595 Oriole Crossing,PcV81,White Field,Finance,China
Quinu,4261 Birchwood Circle,nmV82,Gateway Street,Consumer Services,Russia
Voonyx,959 Havey Center,5bK46,Hi Tech City,Capital Goods,United States
Aimbu,24 Southridge Park,GmQ74,Connaught Place,n/a,Sweden
Devbug,2949 Sunbrook Alley,h7B13,Miami's Brickell,Finance,China
Zoomlounge,1433 Heath Park,XHH48,LaSalle Street,Energy,Russia
Zoombox,1362 Westerfield Terrace,LkA25,Gateway Street,n/a,China
Jetwire,2253 Chive Court,HPA12,Financial District,Basic Industries,United States
Quinu,2 Forster Hill,ESS04,Wall Street,Basic Industries,Brazil
Topiclounge,3081 Glendale Circle,CCP08,Gateway Street,Consumer Services,United States
Browsetype,4 Hudson Center,3vS84,Financial District,Finance,China
